{
  "train_metrics": {
    "r2": 0.9579843217313784,
    "mae": 0.02098113804659366,
    "rmse": 0.0465560161326073,
    "mape": 40.824807405528645
  },
  "test_metrics": {
    "r2": 0.9020429109543306,
    "mae": 0.027858921577183716,
    "rmse": 0.07253924578720602,
    "mape": 41.36554690259989
  },
  "overfitting_check": 0.05594141077704773,
  "final_epoch": 100,
  "best_val_loss": 0.005299010779708624,
  "training_history": {
    "loss": [
      0.047284506261348724,
      0.029560953378677368,
      0.0242762491106987,
      0.019541265442967415,
      0.01624402590095997,
      0.013993526808917522,
      0.013001437298953533,
      0.011628293432295322,
      0.011072646826505661,
      0.010353237390518188,
      0.009586874395608902,
      0.009187942370772362,
      0.008589324541389942,
      0.007938743568956852,
      0.007745875045657158,
      0.007422746159136295,
      0.00690699415281415,
      0.006630357820540667,
      0.006349318660795689,
      0.005785686429589987,
      0.005694946739822626,
      0.0057525187730789185,
      0.005099066533148289,
      0.005248935893177986,
      0.0050129336304962635,
      0.004961458500474691,
      0.004917704034596682,
      0.004306648392230272,
      0.0038974115159362555,
      0.0038530020974576473,
      0.003963647410273552,
      0.003804137697443366,
      0.0037097912281751633,
      0.003563794307410717,
      0.0033591161482036114,
      0.00335409096442163,
      0.0034458462614566088,
      0.00352088687941432,
      0.0032616949174553156,
      0.0029693639371544123,
      0.002978656906634569,
      0.0028794638346880674,
      0.0030319576617330313,
      0.00281657581217587,
      0.002616719575598836,
      0.002562794601544738,
      0.002538844710215926,
      0.002451422158628702,
      0.002366893459111452,
      0.002447271952405572,
      0.0023625697940587997,
      0.0022354992106556892,
      0.002273710910230875,
      0.0023876691702753305,
      0.0023198819253593683,
      0.00235052895732224,
      0.0021855507511645555,
      0.0022671346087008715,
      0.002205129247158766,
      0.0021996540017426014,
      0.0021416188683360815,
      0.0020234775729477406,
      0.0020716574508696795,
      0.0020521620754152536,
      0.0019484322983771563,
      0.0018899908754974604,
      0.0019316417165100574,
      0.0019170095911249518,
      0.0020091072656214237,
      0.002000377280637622,
      0.00186766660772264,
      0.001905001001432538,
      0.0018326918361708522,
      0.0017886176938191056,
      0.0018738567596301436,
      0.0017836970509961247,
      0.001760851708240807,
      0.001766159781254828,
      0.0017856673803180456,
      0.0016805236227810383,
      0.0016980028012767434,
      0.0016416020225733519,
      0.0017005321569740772,
      0.0017389607382938266,
      0.001705680857412517,
      0.0016713462537154555,
      0.001678585191257298,
      0.00163960549980402,
      0.0016536192269995809,
      0.0016823693877086043,
      0.0016284650191664696,
      0.0016513972077518702,
      0.0016102954978123307,
      0.0016668812604621053,
      0.0015880023129284382,
      0.001640822971239686,
      0.0016538886120542884,
      0.0016407484654337168,
      0.001607502461411059,
      0.0016176030039787292
    ],
    "val_loss": [
      0.024917226284742355,
      0.019574066624045372,
      0.015110748820006847,
      0.01268465630710125,
      0.011493979953229427,
      0.011242495849728584,
      0.010936249047517776,
      0.01080586202442646,
      0.01056097075343132,
      0.009739827364683151,
      0.00970394629985094,
      0.009959477931261063,
      0.00929368194192648,
      0.009117988869547844,
      0.008815225213766098,
      0.009337536990642548,
      0.008503859862685204,
      0.008522965013980865,
      0.008293384686112404,
      0.008324910886585712,
      0.008088388480246067,
      0.007845789194107056,
      0.007940157316625118,
      0.008092549629509449,
      0.00802075769752264,
      0.007916996255517006,
      0.007768605835735798,
      0.007072852924466133,
      0.007617135997861624,
      0.0067694163881242275,
      0.007040034048259258,
      0.0067231059074401855,
      0.007365605793893337,
      0.006517829839140177,
      0.007358215283602476,
      0.006989555899053812,
      0.006574953440576792,
      0.00679533276706934,
      0.006728282198309898,
      0.006684419699013233,
      0.00649978406727314,
      0.006546873599290848,
      0.006585798691958189,
      0.006539462599903345,
      0.0064353360794484615,
      0.00629423325881362,
      0.006204570643603802,
      0.006097935605794191,
      0.00612311065196991,
      0.006224727723747492,
      0.006099565885961056,
      0.005982745438814163,
      0.0061447229236364365,
      0.006120249629020691,
      0.005756381433457136,
      0.005991194862872362,
      0.006057152058929205,
      0.005777152255177498,
      0.005962599068880081,
      0.005803404841572046,
      0.005668386351317167,
      0.005689966958016157,
      0.005786466412246227,
      0.005975496023893356,
      0.005775418132543564,
      0.005759065039455891,
      0.00575368432328105,
      0.0057152616791427135,
      0.005624041892588139,
      0.005723894108086824,
      0.005700995679944754,
      0.005516934674233198,
      0.005704863928258419,
      0.005640625953674316,
      0.005592290312051773,
      0.005534501746296883,
      0.0055032456293702126,
      0.005495354998856783,
      0.005445162765681744,
      0.005398220848292112,
      0.005388730205595493,
      0.0053624482825398445,
      0.005458518397063017,
      0.005503050051629543,
      0.005358977243304253,
      0.005360376089811325,
      0.005411344114691019,
      0.005445491056889296,
      0.005368515383452177,
      0.005432378500699997,
      0.005424909759312868,
      0.005415661260485649,
      0.005399202462285757,
      0.005333821754902601,
      0.005438716150820255,
      0.005363303702324629,
      0.005307973828166723,
      0.005353841930627823,
      0.005371474660933018,
      0.005299010779708624
    ],