{
  "neural_networks": {
    "university": {
      "MAE": 0.0002504851103034052,
      "RMSE": 0.0003407756903964116,
      "R2": 0.9932391358502445
    },
    "program": {
      "MAE": 0.049550263861901055,
      "RMSE": 0.10604851981335697,
      "R2": 0.7906374392150521
    }
  }
}